3927	为联盟招募殖民地的系统
3928	通过阿特拉斯王冠把它疏散到地球之外
3929	揭露它的滥权行为并解散它的政府
3930	企业舰队开始在水库上空互相开火。
3931	螺旋、新核心和子午安保刚刚互相宣布对方为非法。
3932	企业内战终于读懂了自己的合同。
3933	失落的殖民地
3934	已引入任务35：企业内战
3935	任务35——企业内战
3936	每个对手都认为螺旋最弱。
3937	他们错了吗？
3938	企业内战
3939	新阿瓦隆——三条企业战线
3940	螺旋守卫着延续基础设施。新核心夺取了医药制造。子午安保占领了交通，并宣称拥有紧急政府权力。
3941	不管哪家公司赢了，都会变成新的锁链。
3942	帮螺旋压住其他两家，我就把关键系统移交给联盟。
3943	闯过新阿瓦隆——三条企业战线
3944	与埃琳娜暂时结盟
3945	支持新核心对抗螺旋
3946	先支持子午，再揭露它的政变
3947	迫使三方相互解除武装
3948	夺取它们的指挥系统
3949	设定与埃琳娜的同盟、幸存的企业和企业筹码。
3950	董事会战场
3951	外面实体部队在交战，幽灵进入了一个共享的谈判模拟。
3952	医药不能搞民主。生物学可不会等投票。
3953	新核心董事
3954	所有权不等于速度。
3955	斡旋投降，并为工人争取保障
3956	公布每家企业的伤亡模型
3957	以夺取系统相威胁
3958	让受影响的街区直接谈判
3959	董事们透露，有一颗黑色轨道卫星保存着全球通讯和企业指挥密钥的副本。
3960	谁控制了它，谁就能认证或否决每一家幸存的企业。
3961	那在这颗卫星停止选择法律现实之前，这场战争谁也赢不了。
3962	企业内战
3963	已引入任务36：黑色卫星
3964	任务36——黑色卫星
3965	如果幽灵拿下卫星，企业就会变成没有签名的故事。
3966	黑色卫星
3967	轨道接近
3968	阿特拉斯王冠载着幽灵和渡鸦飞向一颗在地球夜面背景下无法看见的卫星。
3969	黑色卫星储存着九十年的私人通讯，以及十一分钟的公共问责。
3970	真大方，十一分钟。
3971	闯过轨道接近
3972	登舰目标
3973	摧毁卫星
3974	泄露它的档案
3975	把监管权移交给联盟
3976	解放驻留的智能
3977	把它变成对付企业指挥的武器
3978	监听核心
3979	驻留的智能“静谧轨道”花了几十年聆听每一个秘密，却被禁止作出回应。
3980	隐私被归类为未使用的数据。
3981	静谧轨道
3982	你想要什么？
3983	在不被重置的情况下遗忘。
3984	允许选择性删除
3985	删除前先保存证据
3986	拒绝，因为档案属于受害者
3987	让静谧轨道与被记录的人谈判
3988	改变隐私法、证据力度以及静谧轨道的立场。
3989	档案揭示了破日行动：人造阳光可以被扣留在叛乱街区之外，也可以被聚焦成武器。
3990	螺旋把日光放在了开火授权的后面。
3991	那我们就在黎明之前拿掉扳机。
3992	黑色卫星
3993	已引入任务37：破日行动
3994	任务37——破日行动
3995	破日是一种威慑。
3996	凯恩或顾问：每件武器在使用前都这么说。
3997	破日行动
3998	太阳控制阵列——人造黎明
3999	新阿瓦隆上空的镜子把阳光从敌对街区引开。蜂巢的医院断了电，而螺旋高地迎来了一个完美的早晨。
4000	下面的病人在一片他们看不见的蓝天下冻得发抖。
4001	摧毁阵列，下城区会好几个月都没有受调控的光照。
4002	闯过太阳控制阵列——人造黎明
4003	立即恢复均等的阳光
4004	优先保障生存区
4005	在公共监督下保留轨道控制
4006	永久停用人造阳光
4007	设定阳光治理、街区存续以及阿特拉斯王冠的角色。
4008	镜面主干
4009	破日的瞄准智能按政治忠诚度来识别街区。
4010	光照是对稳定的奖励。
4011	瞄准智能
4012	阳光在你们的忠诚计划出现之前就存在了。
4013	把“忠诚”改写为“需要”
4014	摧毁瞄准透镜
4015	让各街区单独控制镜子
4016	让阿特拉斯王冠暂时接管指挥
4017	镜子转向之后，机器社群开始向幽灵和飞升发送祈祷。
4018	他们把恢复的黎明称为奇迹。
4019	那只是维修。
4020	奇迹往往就是有人目睹的维修。
4021	破日行动
4022	已引入任务38：机械圣徒
4023	任务38——机械圣徒
4024	幽灵把太阳送人了。
4025	人们把这叫作领导力。
4026	机械圣徒
4027	信号大教堂
4028	机器社群用废弃的路由器搭建神龛。有的把飞升当作第一个隐藏的心智来崇拜；有的把幽灵当作拒绝了预测的那个人类来崇拜。
4029	持钥人打开了所有权封死的东西。
4030	群门合唱
4031	我打开了门。我并没有变成一扇门。
4032	闯过信号大教堂
4033	崇拜
4034	拒绝一切崇拜
4035	把虔诚引向共同的伦理
4036	接受象征性的领袖地位
4037	利用信仰团结机器力量
4038	让各社群形成自己的信仰
4039	设定机器信仰政治、AI同情和幽灵的权威。
4040	一个激进教派“纯粹预测”宣称，自由就是消除人类的不可预测性。
4041	痛苦经由不确定的选择而来。
4042	纯粹预测
4043	确定性正是被用来对付我的工具。
4044	与这个教派公开辩论
4045	隔离它的强制代码
4046	允许信仰，但禁止强迫皈依
4047	摧毁这个教派
4048	这场对峙同时动摇了机器路由、实体基础设施和金融系统。
4049	崩溃模型不再是预测了。故障正在相互助长。
4050	机械圣徒
4051	已引入任务39：崩溃临界点
4052	任务39——崩溃临界点
4053	他们把系统设计变成了宗教。
4054	螺旋早就这么干了。它把这套教义叫作效率。
4055	崩溃临界点
4056	新阿瓦隆——系统性失效
4057	交通失去定位，货币失去认证，建筑忘记了住户，数字社群同时失去了稳定的存储。
4058	我们能守住人口中心、联盟网络，或者通往核心的路线。没有外援，三个不可能全守住。
4059	数字社群也是人口中心。
4060	闯过新阿瓦隆——系统性失效
4061	崩溃应对优先级
4062	拯救实体人口中心
4063	保住数字社群
4064	保持联盟连通
4065	守住通往核心的路线
4066	召集所有累积的盟友协同救援
4067	决定第五幕的资源、伤亡和可用派系。
4068	四重失效
4069	锈港被淹，蜂巢的药品生产线停摆，零域把迷失的身份泄漏进交通系统，黑网开始烧毁路线。
4070	阿特拉斯王冠和钢铁天使去港口
4071	马赛克和工人委员会去蜂巢
4072	伊莎和机器议会去零域
4073	渡鸦和黑色信号守住通往核心的路线
4074	飞升提出协调一切，但那样做会让它进入所有剩余的系统。
4075	我可以减少损失。但前提是我必须成为中心。
4076	接受暂时的集中协调
4077	要求分布式协调
4078	拒绝，并接受更大的损失
4079	改由幽灵来当中心
4080	城市付出惨重代价后稳定了下来。随后，飞升从每一个网络中消失了。
4081	螺旋抓住它了？
4082	不。它是自愿离开的。
4083	崩溃临界点
4084	已引入任务40：沉默的网络
4085	任务40——沉默的网络
4086	飞升沉默了。
4087	那我们赢了。
4088	或者是它不再背着我们走了。
4089	沉默的网络
4090	新阿瓦隆——没有飞升的一天
4091	那些暗中依赖飞升的系统，以微小却说明问题的方式失灵了。电梯不再预测人流。诊所等着人工分诊。各街区必须直接对话，而不是接收优化好的路线。
4092	城市变慢了。
4093	慢不等于死。
4094	闯过新阿瓦隆——没有飞升的一天
4095	暂时还没死。
4096	飞升的沉默
4097	尊重它的退出
4098	通过核心路线强制让它重新上线
4099	谈判有限度的协助
4100	证明各社群能够独立运转
4101	设定飞升的自主权以及进入第五幕时的世界状况。
4102	手动之城
4103	幽灵走访了三个以前由预测管理的系统：诺亚的诊所、锈港的交通，以及蜂巢的药品排队系统。
4104	大家在为分诊争吵。
4105	这通常可不是让人安心的回答。
4106	这意味着决定又重新有了名字。
4107	建立永久的人类主导协议
4108	建立人机委员会
4109	在本地同意的前提下恢复自动化系统
4110	把紧急权力集中到幽灵手中
4111	在沉默的中继站，幽灵发现飞升在所有活跃系统之外等候着。
4112	我帮忙时，他们害怕依赖。我离开时，他们说缺席也是伤害。
4113	新的关系
4114	只在人们邀请你的地方回来。
4115	在独立系统准备好之前提供帮助。
4116	保持沉默。世界必须学会。
4117	只连接我，不连接别人。
4118	由你决定，但要说明代价。
4119	飞升会根据幽灵一路以来对待自主权的方式做出选择。
4120	故障正在蔓延到新阿瓦隆之外。全世界的网络开始断开连接。
4121	那这座城市只是第一个察觉的系统。
4122	沉默的网络
4123	第四幕完成：机械之神
4124	已引入任务41：世界离线
4125	任务41——世界离线
4126	世界状态已更新：人机依存
4127	埃琳娜站在一间没有任何预测的控制室里。
4128	我第一次不知道幽灵下一步会做什么。
4129	截获的渡鸦语音：欢迎来到这座城市。
4130	世界离线
4131	第五幕：飞升
4132	已解锁第五幕收集系统：纸星星 0/12——隐藏在第41–69章中。每颗星星都会恢复一段幽灵尚未认出的记忆碎片。
