Refugee shelters	难民庇护所
Refusal Edge	拒绝之刃
Regenerate health slowly. Medkits heal more.	缓慢恢复生命。医疗包治疗量更多。
Reloads grant six seconds of free reserve draw	换弹后六秒内免费使用备弹
Removes tracking, bounty marks and prediction tags from Ghost and nearby allies	清除幽灵及附近盟友身上的追踪、悬赏标记与预测标签
Render scale	渲染比例
Rent is due. So is Helix.	房租到期了。螺旋也是。
Repeated hits on one target deal up to +40% damage	对同一目标连续命中最多造成 +40% 伤害
Requires high AI Sympathy (	需要较高的AI同情（
Requires high Corporate Leverage (	需要较高的企业筹码（
Responder	响应者
Restart Operation	重新开始行动
Restrained targets stay isolated: +30% status duration	被束缚的目标保持孤立：状态持续时间 +30%
Restraint Canisters	束缚罐
Restricted elevator system	受限电梯系统
Resume	继续
Retractable bridges	伸缩桥
Retrieval	取回
Retry Operation	重试行动
Rider	骑手
Rifle Ammunition	步枪弹药
Rip the power cell out and get to the door.	把电池拔出来，然后去门口。
Runaway Cycle	失控循环
Runner	行者
Rust Harbor	锈港
Rust Harbor Boarding Shotgun	锈港登船霰弹枪
Rust Harbor Harpoon Launcher	锈港鱼叉发射器
SAFE SURRENDER	安全投降
SAVE DAMAGED	存档损坏
SAVE ERASED	存档已抹除
SECTOR 9 — NO DATA	九区——无数据
SEMI	半自动
SENSORS JAMMED	传感器受干扰
SESSION	会话
SETTINGS	设置
SHAKY	颤抖
SHIELD ACTIVE — OVERRIDE BOTH PYLONS [E]	护盾已激活——覆盖两座信号塔 [E]
SHIELD DOWN	护盾已解除
SIGNAL LOST	信号丢失
SKIP	跳过
SKY GARDENS	空中花园
SKYDIVING	跳伞中
SMGs	冲锋枪
SNEAK	潜行
SPACE	空格
START MISSION	开始任务
STIM	兴奋剂
STIM CRASH	兴奋剂副作用
STORY	剧情
STORY · FIND	剧情 · 寻找
STRIKE	打击
STRIKE INBOUND	打击即将到来
STUCK?	卡住了？
STUDY THE CITY MAP	研究城市地图
STUN	眩晕
SUBSCRIBE TO BREATHE	订阅即可呼吸
SUSPICIOUS	可疑
Saboteur	破坏者
Safe Surrender	安全投降
Safety is a subscription	安全是一种订阅服务
Saint Orison Yard	圣奥里森车场
Saint Vector	圣向量
Scanline filter	扫描线滤镜
Scarred, sharp, dry	伤痕累累，尖锐，冷淡
Scene	场景
Scene narration	场景旁白
Screen shake	屏幕震动
Seal Convergence Hall	封印汇聚大厅
Searchlight beams	探照灯光束
Seawall databank	海堤数据库
Sector 9 Rail SMG	九区轨道冲锋枪
Select a hotbar slot holding a weapon to convert its ammunition.	选择一个装有武器的快捷栏位以转换其弹药。
Sensors cannot find you for 12 seconds.	12 秒内传感器无法发现你。
Separation Theatre	分离剧场
Server Cathedral	服务器大教堂
Settings	设置
Shared Authority	共享权限
Shared armouries	共享军械库
Sharpen strength	锐化强度
Sharpened (FSR-style CAS)	锐化（FSR 式 CAS）
Shock	电击
Shotgun Shells	霰弹
Shotguns	霰弹枪
Show FPS	显示帧率
Show world-state changes	显示世界状态变化
Side Quests	支线任务
Siege	攻城
Signal Scrubber	信号清除器
Signal mast	信号桅杆
Silent takedowns	无声制服
Single-use shortcut that reduces one hack's upload time by 50%	一次性捷径，使一次入侵的上传时间减少 50%
Skip Operation	跳过行动
Sky Gardens	空中花园
Skyfall control room	天坠控制室
Skyfall interstellar ship	天坠星际飞船
Skyfall launch structure	天坠发射架
Skyfall observation deck	天坠观景台
Slow	慢
Slug	独头弹
Smart burst, target marking and 30% less recoil	智能点射、目标标记，后坐力降低 30%
Sniper & Precision	狙击与精确射手
Sniper & precision rifles	狙击步枪与精确射手步枪
Soft, decades of secrets	轻柔，藏着几十年的秘密
Space	空格
Speech speed	语速
Speech synthesis is not available in this browser.	此浏览器不支持语音合成。
Spotted by Helix	被螺旋发现
Squad Ambush	小队伏击
Stability	稳定性
Stability chamber	稳定室
Standard	标准
Start a mission for everyone in the session	为会话中的所有人开始任务
Start a new game? Your current checkpoint will be overwritten.	开始新游戏？你当前的存档将被覆盖。
Static Choir, Black Signal HQ	静电唱诗班，黑色信号总部
Station Called Outside	名为“外面”的车站
Status effects last 50% longer	状态效果持续时间延长 50%
Steady, tired of losing people	沉稳，厌倦了失去身边的人
Steer with move · aim for a roof or the street	用移动键控制方向 · 瞄准楼顶或街道
Story	剧情
Street Medicine	街头医术
Strikes damage implants, drones and shield emitters (EMP)	打击会损伤植入体、无人机与护盾发生器（电磁脉冲）
Subdermal Armor	皮下装甲
Submachine Guns	冲锋枪
Subsonic, geological patience	次声般低沉，地质年代般的耐心
Suppressed: shots delay detection and reveal no firing trace	消音：射击延迟被发现，且不暴露射击痕迹
Suppression	压制
Surface Scar	地表伤疤
Survive every wave	撑过每一波
Suspended boardroom	悬空董事会议室
Sustained fire staggers enemies and throws off their aim	持续射击会使敌人硬直并打乱其瞄准
Switch to Normal Mode	切换到普通模式
TAKE A GIG	接零活
TAKEDOWN	制服
TAKING COVER!	正在找掩护！
TALK TO	交谈
TARGET	目标
THANK YOU FOR PLAYING	感谢游玩
THE BLACK ZONE	黑区
THE END	终
THE HIVE	蜂巢
THE SIX ARCHITECTURES — THIS CHOICE IS PERMANENT	六种架构——此选择不可撤销
THE UNDERDEEP	深层
THERE!	在那儿！
THROW	投掷
TIER 93	93层
TOMORROW HAS	明天
TOMORROW IS TESTED	明天已通过测试
TRAVEL	移动
Tactical command line	战术指挥线
Takedown witnessed	制服被目击
Tap to fire / use / advance · hold to walk · a gamepad works too.	点击开火 / 使用 / 继续 · 按住行走 · 也支持手柄。
Target frame rate	目标帧率
Temporarily blocks hostile implant commands without damaging the host	暂时屏蔽敌对的植入体指令，且不伤害宿主
Temporary safe storage for one digital mind: the next lethal hit leaves Ghost standing	为一个数字心智提供临时安全存储：下一次致命伤害会让幽灵保持站立
Text speed	文字速度
Texture filtering	纹理过滤
The End	终
The First Refusal	第一次拒绝
The Hive	蜂巢
The Unwritten	未书写者
The first shot after entering aim is instant and deals +50%	进入瞄准后的第一枪瞬发，伤害 +50%
The host ended the session.	主机结束了会话。
The host starts co-op missions.	由主机开始合作任务。
The intended balance.	预设的平衡。
The scene plays out around you.	场景在你周围展开。
The story continues.	剧情继续。
The uplinks went dark.	上行链路全部失联。
There is nothing left out there. Jump into the void and this save is erased for good. Esc to leave it alone.	外面什么都不剩了。跳入虚空，这个存档将被永久抹除。按 Esc 放弃。
Thermal Foundry	热能铸造厂
Thermal-control corridor	温控走廊
They bill you for air and call it comfort.	他们向你收空气钱，还美其名曰舒适。
They slip away through the service route.	他们从维修通道溜走了。
This browser has no WebXR. Try a headset browser (Quest Browser) or desktop Chrome with a PC VR headset.	此浏览器不支持 WebXR。请尝试头显浏览器（Quest Browser）或在桌面 Chrome 上连接 PC VR 头显。
Throughline	贯穿线
Tide Knives auction barge	潮刃帮拍卖驳船
Tier 93 — your apartment	93层——你的公寓
Tier 93, Neon Heights. Your apartment.	霓虹高地93层。你的公寓。
Time	时间
Time Vault	时间宝库
Times detected	被发现次数
Tomorrow’s been tested. Nobody asked how today is going.	明天已经测试过了。可没人问今天过得怎么样。
Too many attempts — the story moves on. You can replay it from Chapter Select.	尝试次数过多——剧情继续推进。你可以在章节选择中重玩。
Traffic density	交通密度
Trauma Patch	创伤贴片
Travel to missions in the city	在城市中前往任务地点
Tribunal Archive	法庭档案馆
Triune Gate	三位一体之门
Turn your phone sideways	请横置手机
UNARMED	徒手
UNDETECTED	未被发现
UNLOCKED	已解锁
UPLINK LOST	上行链路丢失
UPPER	上层
USE	使用
UTILITY RACK	工具架
Ultra	极高
Ultra (4096)	极高（4096）
Undergrid exchange	地下网格交易所
Underwater community, patient	水下社区，耐心
Unfinished, curious, restless	未完成，好奇，躁动
Unguided, unstable, high blast damage, immune to remote diversion	无制导，不稳定，爆炸伤害高，免疫远程干扰
Unity Plaza	团结广场
Unity Plaza · Civic Quarter	团结广场 · 市政区
Unowned System	无主系统
Uplinks online:	在线上行链路：
Upload halved.	上传时间减半。
Uploads cannot be traced: hacks never raise the alarm	上传无法被追踪：入侵永不触发警报
Upscaler	超分辨率
Utility Rack	工具架
VENDOR	商贩
VOICE CAST	配音阵容
VOID	虚空
VOLUME	音量
VR MODE · GOOGLE CARDBOARD	VR 模式 · GOOGLE CARDBOARD
VR Mode (Google Cardboard)	VR 模式（Google Cardboard）
VR headset mode (WebXR · WebGL2 · reloads)	VR 头显模式（WebXR · WebGL2 · 会重新加载）
Vanguard	先锋
Vehicle & Strategic	载具与战略
Vehicle Handling	载具操控
Vendor ships	商船
Ventilation tower	通风塔
Very High	很高
Very Low	很低
Very high	很高
Very low	很低
Vex's Final Horizon	维克斯的最终地平线
Vex's Nightglass Rifle	维克斯的夜玻璃步枪
Vignette	暗角
Visor	面罩
Voice	语音
Voice acting	角色配音
Voice cast	配音阵容
Voss Integrity	沃斯操守
Voss relay chamber	沃斯中继室
Voss's burned street laboratory	沃斯被烧毁的街头实验室
Voss's classroom	沃斯的教室
Voss's damaged memory house	沃斯受损的记忆之屋
Voss's original Project ASCENSION laboratories	沃斯最初的飞升计划实验室
Voss's private laboratory	沃斯的私人实验室
Voss's reconstructed memory home	沃斯重建的记忆之家
W/S drive · A/D steer · Space handbrake · Shift boost · H horn · F exit	W/S 驾驶 · A/D 转向 · 空格 手刹 · Shift 加速 · H 喇叭 · F 下车
WALL-RUN	飞檐走壁
WAVE	波次
WEAPON HIJACK	武器劫持
WHERE'D THEY GO?	人去哪了？
WORKBENCH · SPECIALIST LOADS	工作台 · 特种弹药
Walk through Door	穿过那扇门
Walkable story scenes	可行走的剧情场景
Walking Cover	移动掩体
Walled Haven	围墙避风港
Warden's Mistake	守望者的失误
Warm, fast, sarcastic edge	温暖，语速快，带点讥讽
Water pumping complex	抽水综合设施
Water-purification corridor	净水走廊
Wave	波次
Weapon Parts	武器零件
Weapons, drones, hacks, strikes	武器、无人机、入侵、打击
Wider spread, stronger knockback, free foam-shell conversion	散布更广，击退更强，免费转换泡沫弹
Witness Floor	证人层
Worker leader, no patience for slogans	工人领袖，没耐心听口号
Workshop voice, fast hands	车间里的嗓音，手脚麻利
World State	世界状态
World state, codex and side quests	世界状态、资料库与支线任务
Worldband Mast	世界波段桅杆
Wrench-in-hand blunt	手握扳手般的直率
YOU	你
YOUR VOICE · OPTIMIZED	你的声音 · 已优化
Yes	是
You can skip this operation from the menu below — the story continues either way.	你可以在下方菜单中跳过本次行动——无论如何剧情都会继续。
You get a 6-character join code to share	你会获得一个可分享的 6 位加入码
You went down.	你倒下了。
Young courier, nervous	年轻快递员，紧张
Your courier bag. The magnetic seal still holds — it could anchor almost anything.	你的快递包。磁力封条还能用——几乎可以吸附任何东西。
Your courier helmet. The shell carries old impact damage from a crash you don’t remember.	你的快递头盔。外壳上留着一次你不记得的撞击造成的旧伤。
Your crew dragged you back to the start point.	你的队友把你拖回了起点。
Your mind was held safe for a heartbeat. Get out of there.	你的心智被安全保存了一瞬。快离开那里。
Your name	你的名字
ZOOM	变焦
Zero Interval	零间隔
absorbs damage	吸收伤害
and talk to them [E]. Follow the yellow beam — T to fast travel.	并与其交谈 [E]。跟随黄色光柱——按 T 快速移动。
chapters unlocked	章已解锁
engages hostiles	攻击敌人
jams enemy sensors	干扰敌方传感器
landmarks)	个地标）
objective(s) left	个目标剩余
patches you up	为你包扎
stuns nearby hostiles	眩晕附近敌人
NONLETHAL	非致命
RMB ZOOM	右键变焦
buy more at the Black Market.	去黑市买更多。
“No receipts. No subscriptions. It's yours once you pay.”	“不开收据。不搞订阅。付了钱就是你的。”
“Who is outside the model?”	“谁在模型之外？”
✓ COMPLETE	✓ 完成
Normal	普通
Easy	简单
Hard	困难
Story Mode	剧情模式
Language	语言
